<?xml version="1.0" encoding="UTF-8"?><CyubeVRBlocks><Block id="0" textype="1" texture0="stone.png">Stone</Block><Block id="1" textype="3" texture0="grass_up.png" texture1="dirt.png" texture2="grass_side.png">Grass</Block><Block id="2" textype="1" texture0="dirt.png">Dirt</Block><AlphaBlock id="3" textype="0">Air</AlphaBlock><Block id="4" textype="1" texture0="bedrock.png">Bedrock</Block><AlphaBlock id="5" textype="5" texture0="straws.png">Grassblades</AlphaBlock><Block id="6" textype="2" texture0="darkwood_updown.png" texture2="darkwood_side.png">Dark Wood</Block><Block id="7" textype="1">Leaves</Block><Block id="8" textype="1" texture0="cobblestone.png">Cobblestone</Block><Block id="9" textype="1">Water</Block><Block id="10" textype="1" texture0="sand.png">Sand</Block><Block id="11" textype="1">Invalid</Block><Block id="12" textype="1" texture0="Coal_ore.png">Coal Ore</Block><Block id="13" textype="1" texture0="Iron_ore.png">Iron Ore</Block><Block id="14" textype="1" texture0="Tree_root.png">Tree Root</Block><AlphaBlock id="15" textype="6" texture0="torch.jpg" mesh="torch_obj.mesh">Torch</AlphaBlock><AlphaBlock id="16" textype="5" texture0="flower1.png">Flower 1</AlphaBlock><AlphaBlock id="17" textype="5" texture0="flower2.png">Flower 2</AlphaBlock><AlphaBlock id="18" textype="6" texture0="StickTool.png">Stick Tool</AlphaBlock><AlphaBlock id="19" textype="6" texture0="StonePickaxe.png">Stone Pickaxe</AlphaBlock><AlphaBlock id="20" textype="6" texture0="StoneAxe.png">Stone Axe</AlphaBlock><AlphaBlock id="21" textype="6" texture0="StoneShovel.png">Stone Shovel</AlphaBlock><AlphaBlock id="22" textype="6" texture0="CopperNugget.png">Copper Nugget</AlphaBlock><AlphaBlock id="23" textype="6" texture0="Gold Nugget.png">Gold Nugget</AlphaBlock><AlphaBlock id="24" textype="6" texture0="Coal Nugget.png">Coal Nugget</AlphaBlock><Block id="25" textype="1" texture0="Copper_ore.png">Copper Ore</Block><Block id="26" textype="1" texture0="Gold_ore.png">Gold Ore</Block><Block id="27" textype="1" texture0="Silver_ore.png">Silver Ore</Block><AlphaBlock id="28" textype="6" texture0="CopperPickaxe.png">Copper Pickaxe</AlphaBlock><AlphaBlock id="29" textype="6" texture0="CopperAxe.png">Copper Axe</AlphaBlock><AlphaBlock id="30" textype="6" texture0="CopperShovel.png">Copper Shovel</AlphaBlock><AlphaBlock id="31" textype="6" texture0="DeerMeat.png">Deer Meat</AlphaBlock><Block id="32" textype="2" texture0="lightwood_updown.png" texture2="lightwood_side.png">Light wood</Block><Block id="33" textype="1" texture0="lightplanks.png">Light Planks</Block><Block id="34" textype="1" texture0="darkplanks.png">Dark Planks</Block><Block id="35" textype="1" texture0="stone.png">Mined Stone</Block><AlphaBlock id="36" textype="5" texture0="flower3.png">Flower 3</AlphaBlock><AlphaBlock id="37" textype="6" texture0="BlueTorch.jpg" mesh="torch_obj.mesh">Blue Torch</AlphaBlock><AlphaBlock id="38" textype="6" texture0="BlueDye.png">Blue Dye</AlphaBlock><AlphaBlock id="39" textype="5" texture0="flower4.png">Flower 4</AlphaBlock><AlphaBlock id="40" textype="6" texture0="GreenTorch.jpg" mesh="torch_obj.mesh">Green Torch</AlphaBlock><AlphaBlock id="41" textype="6" texture0="GreenDye.png">Blue Dye</AlphaBlock><AlphaBlock id="42" textype="6" texture0="Compass.png">Compass</AlphaBlock><AlphaBlock id="43" textype="6" texture0="Chest1.png">Chest</AlphaBlock><Block id="44" textype="1" texture0="Special.png">SpecialBlock</Block><AlphaBlock id="45" textype="6" texture0="Mesh.png">Mesh</AlphaBlock><Block id="46" textype="1" texture0="wallstone.png">Wallstone</Block><Block id="47" textype="1" texture0="flagstone.png">Flagstone</Block><AlphaBlock id="48" textype="6" texture0="RedDye.png">Red Dye</AlphaBlock><AlphaBlock id="49" textype="6" texture0="RedTorch.jpg" mesh="torch_obj.mesh">Red Torch</AlphaBlock><AlphaBlock id="50" textype="6" texture0="Chair.png">Chair</AlphaBlock><AlphaBlock id="51" textype="6" texture0="BirchChair.png">Birch Chair</AlphaBlock><Block id="52" textype="1" texture0="Scaffolding.png">Wood Scaffolding</Block><AlphaBlock id="53" textype="6" texture0="Arrow.png">Arrow</AlphaBlock><AlphaBlock id="54" textype="6" texture0="CopperWallMount.png">Copper Wallmount</AlphaBlock><AlphaBlock id="55" textype="6" texture0="Cactus.png">Cactus</AlphaBlock><AlphaBlock id="56" textype="5" texture0="desertgrass.png">Desert Grass</AlphaBlock><AlphaBlock id="57" textype="6" texture0="WoodFrame.png">Wood Frame</AlphaBlock><AlphaBlock id="58" textype="6" texture0="GoldFrame.png">Gold Frame</AlphaBlock><AlphaBlock id="59" textype="6" texture0="CopperFrame.png">Copper Frame</AlphaBlock><AlphaBlock id="60" textype="6" texture0="CopperSlegdehammer.png">Copper Sledgehammer</AlphaBlock><AlphaBlock id="61" textype="6" texture0="RainbowTorch.jpg" mesh="torch_obj.mesh">Rainbow Torch</AlphaBlock><AlphaBlock id="62" textype="6" texture0="RainbowDye.png">Rainbow Dye</AlphaBlock><AlphaBlock id="63" textype="5" texture0="Rainbowflower.png">Rainbow Flower</AlphaBlock><AlphaBlock id="64" textype="6" texture0="WhiteDye.png">White Dye</AlphaBlock><Block id="65" textype="1" texture0="wallstoneBig.png">Big Wallstone</Block><ModBlock id="66" textype="66" texture0="Modblock.png">Custom Block</ModBlock><Block id="67" textype="1" texture0="Crystal_ore.png">Crystal Ore</Block><AlphaBlock id="68" textype="6" texture0="crystal.png">Crystal</AlphaBlock><AlphaBlock id="69" textype="6" texture0="Furnace.png">Furnace</AlphaBlock><AlphaBlock id="70" textype="6" texture0="IngotMould.png">Iron Ingot mould</AlphaBlock><AlphaBlock id="71" textype="6" texture0="Flintstone.png">Flintstone</AlphaBlock><AlphaBlock id="72" textype="6" texture0="DryGrass.png">Dry Grass</AlphaBlock><AlphaBlock id="73" textype="6" texture0="IngotIron.png">Iron Ingot</AlphaBlock><AlphaBlock id="74" textype="6" texture0="IronPickaxe.png">Iron Pickaxe</AlphaBlock><AlphaBlock id="75" textype="6" texture0="IronSledgehammer.png">Iron Sledgehammer</AlphaBlock><AlphaBlock id="76" textype="6" texture0="IronAxe.png">Iron Axe</AlphaBlock><AlphaBlock id="77" textype="6" texture0="IronShovel.png">Iron Shovel</AlphaBlock><AlphaBlock id="78" textype="6" texture0="WoodStool.png">Wood Stool</AlphaBlock><AlphaBlock id="79" textype="6" texture0="WoodTable1.png">Woodden Table 1</AlphaBlock><AlphaBlock id="80" textype="6" texture0="WoodTable2.png">Woodden Table 2</AlphaBlock><AlphaBlock id="81" textype="6" texture0="WoodCarafe.png">Woodden Carafe</AlphaBlock><AlphaBlock id="82" textype="6" texture0="WoodBench1.png">Woodden Bench 1</AlphaBlock><AlphaBlock id="83" textype="6" texture0="WoodBarrel.png">Woodden Barrel</AlphaBlock><AlphaBlock id="84" textype="6" texture0="WoodFence.png">Woodden Fence</AlphaBlock><AlphaBlock id="85" textype="6" texture0="MetalPod.png">Metal Pod</AlphaBlock><AlphaBlock id="86" textype="6" texture0="WoodBench2.png">Woodden Bench 2</AlphaBlock><AlphaBlock id="87" textype="6" texture0="WoodBench3.png">Woodden Bench 3</AlphaBlock><AlphaBlock id="88" textype="6" texture0="Sandbags.png">Pile of Sandbags</AlphaBlock><AlphaBlock id="89" textype="1" texture0="Glass.material">Glass</AlphaBlock></CyubeVRBlocks>